{"resourceType":"ValueSet","id":"ValueSet-apgar-timing","text":{"status":"generated","div":"<div xmlns=\"http://www.w3.org/1999/xhtml\"><p>This value set includes codes based on the following rules:</p><ul><li>Include these codes as defined in <a href=\"http://loinc.org\"><code>http://loinc.org</code></a><table class=\"none\"><tr><td style=\"white-space:nowrap\"><b>Code</b></td><td><b>Display</b></td></tr><tr><td><a href=\"https://loinc.org/9272-6/\">9272-6</a></td><td>1 minute Apgar Score</td></tr><tr><td><a href=\"https://loinc.org/9274-2/\">9274-2</a></td><td>5 minute Apgar Score</td></tr><tr><td><a href=\"https://loinc.org/9271-8/\">9271-8</a></td><td>10 minute Apgar Score</td></tr></table></li><li>Include these codes as defined in <a href=\"http://www.snomed.org/\"><code>http://snomed.info/sct</code></a><table class=\"none\"><tr><td style=\"white-space:nowrap\"><b>Code</b></td><td><b>Display</b></td></tr><tr><td><a href=\"http://snomed.info/id/443848000\">443848000</a></td><td>Apgar score at 15 minutes (observable entity)</td></tr><tr><td><a href=\"http://snomed.info/id/443849008\">443849008</a></td><td>Apgar score at 20 minutes (observable entity)</td></tr></table></li></ul></div>"},"extension":[{"url":"http://hl7.org/fhir/StructureDefinition/structuredefinition-wg","valueCode":"pher"}],"url":"http://hl7.org/fhir/us/bfdr/ValueSet/ValueSet-apgar-timing","version":"2.0.0-Ballot","name":"ApgarTimingVS","title":"ValueSet - APGAR Score Timing","status":"active","experimental":false,"date":"2024-02-13T11:56:10-05:00","publisher":"HL7 International / Public Health","contact":[{"name":"HL7 International / Public Health","telecom":[{"system":"url","value":"http://www.hl7.org/Special/committees/pher"}]}],"description":"This valueset contains codes to represent standard timings for APGAR assessments.","jurisdiction":[{"coding":[{"system":"urn:iso:std:iso:3166","code":"US","display":"United States of America"}]}],"copyright":"This value set includes content from SNOMED CT, which is copyright © 2002+ International Health Terminology Standards Development Organisation (IHTSDO), and distributed by agreement between IHTSDO and HL7. Implementer use of SNOMED CT is not covered by this agreement.\nThis material contains content from LOINC (http://loinc.org). LOINC is copyright © 1995-2020, Regenstrief Institute, Inc. and the Logical Observation Identifiers Names and Codes (LOINC) Committee and is available at no cost under the license at http://loinc.org/license. LOINC® is a registered United States trademark of Regenstrief Institute, Inc","compose":{"include":[{"system":"http://loinc.org","concept":[{"code":"9272-6","display":"1 minute Apgar Score"},{"code":"9274-2","display":"5 minute Apgar Score"},{"code":"9271-8","display":"10 minute Apgar Score"}]},{"system":"http://snomed.info/sct","concept":[{"code":"443848000","display":"Apgar score at 15 minutes (observable entity)"},{"code":"443849008","display":"Apgar score at 20 minutes (observable entity)"}]}]}}