{"resourceType":"ValueSet","id":"ValueSet-estimate-of-gestation-edit-flags","text":{"status":"extensions","div":"<div xmlns=\"http://www.w3.org/1999/xhtml\"><p>This value set includes codes based on the following rules:</p><ul><li>Include these codes as defined in <a href=\"https://build.fhir.org/ig/HL7/vr-common-library//CodeSystem-CodeSystem-vr-edit-flags.html\"><code>http://hl7.org/fhir/us/vr-common-library/CodeSystem/CodeSystem-vr-edit-flags</code></a><table class=\"none\"><tr><td style=\"white-space:nowrap\"><b>Code</b></td><td><b>Display</b></td></tr><tr><td><a href=\"https://build.fhir.org/ig/HL7/vr-common-library//CodeSystem-CodeSystem-vr-edit-flags.html#CodeSystem-vr-edit-flags-0off\">0off</a></td><td>Off</td></tr></table></li><li>Include these codes as defined in <a href=\"CodeSystem-CodeSystem-edit-flags.html\"><code>http://hl7.org/fhir/us/bfdr/CodeSystem/CodeSystem-edit-flags</code></a><table class=\"none\"><tr><td style=\"white-space:nowrap\"><b>Code</b></td><td><b>Display</b></td><td><b>Definition</b></td></tr><tr><td><a href=\"CodeSystem-CodeSystem-edit-flags.html#CodeSystem-edit-flags-1correctOutOfRange\">1correctOutOfRange</a></td><td>Queried data correct, out of range</td><td>Queried data correct, out of range</td></tr></table></li></ul></div>"},"extension":[{"url":"http://hl7.org/fhir/StructureDefinition/structuredefinition-wg","valueCode":"pher"}],"url":"http://hl7.org/fhir/us/bfdr/ValueSet/ValueSet-estimate-of-gestation-edit-flags","version":"2.0.0-Ballot","name":"EstimateOfGestationEditFlagsVS","title":"ValueSet - Estimate of Gestation Edit Flags (NCHS)","status":"draft","experimental":false,"date":"2024-02-13T11:56:10-05:00","publisher":"HL7 International / Public Health","contact":[{"name":"HL7 International / Public Health","telecom":[{"system":"url","value":"http://www.hl7.org/Special/committees/pher"}]}],"description":"This valueset contains codes to represent Estimate of Gestation Edit Flags. This valueset is based on [PHVS_EstimateOfGestationEditFlags_NCHS](https://phinvads.cdc.gov/vads/ViewValueSet.action?oid=2.16.840.1.114222.4.11.7567)","jurisdiction":[{"coding":[{"system":"urn:iso:std:iso:3166","code":"US","display":"United States of America"}]}],"compose":{"include":[{"system":"http://hl7.org/fhir/us/vr-common-library/CodeSystem/CodeSystem-vr-edit-flags","concept":[{"code":"0off","display":"Off"}]},{"system":"http://hl7.org/fhir/us/bfdr/CodeSystem/CodeSystem-edit-flags","concept":[{"code":"1correctOutOfRange","display":"Queried data correct, out of range"}]}]}}