{"resourceType":"ValueSet","id":"ValueSet-fetal-death-cause-or-condition","text":{"status":"extensions","div":"<div xmlns=\"http://www.w3.org/1999/xhtml\"><p>This value set includes codes based on the following rules:</p><ul><li>Include these codes as defined in <a href=\"http://www.snomed.org/\"><code>http://snomed.info/sct</code></a><table class=\"none\"><tr><td style=\"white-space:nowrap\"><b>Code</b></td><td><b>Display</b></td></tr><tr><td><a href=\"http://snomed.info/id/44223004\">44223004</a></td><td>Premature rupture of membranes (disorder)</td></tr><tr><td><a href=\"http://snomed.info/id/415105001\">415105001</a></td><td>Placental abruption (disorder)</td></tr><tr><td><a href=\"http://snomed.info/id/237292005\">237292005</a></td><td>Placental insufficiency (disorder)</td></tr><tr><td><a href=\"http://snomed.info/id/270500004\">270500004</a></td><td>Prolapsed cord (disorder)</td></tr><tr><td><a href=\"http://snomed.info/id/11612004\">11612004</a></td><td>Chorioamnionitis (disorder)</td></tr><tr><td><a href=\"http://snomed.info/id/702709008\">702709008</a></td><td>Congenital anomaly of fetus (Specify) (disorder)</td></tr><tr><td><a href=\"http://snomed.info/id/277489001\">277489001</a></td><td>Fetal trauma (Specify) (disorder)</td></tr><tr><td><a href=\"http://snomed.info/id/128270001\">128270001</a></td><td>Infectious disorder of the fetus (Specify) (disorder)</td></tr></table></li><li>Include these codes as defined in <a href=\"CodeSystem-CodeSystem-local-bfdr-codes.html\"><code>http://hl7.org/fhir/us/bfdr/CodeSystem/CodeSystem-local-bfdr-codes</code></a><table class=\"none\"><tr><td style=\"white-space:nowrap\"><b>Code</b></td><td><b>Display</b></td><td><b>Definition</b></td></tr><tr><td><a href=\"CodeSystem-CodeSystem-local-bfdr-codes.html#CodeSystem-local-bfdr-codes-FCOD_maternalconditions\">FCOD_maternalconditions</a></td><td>Maternal Conditions/Diseases (Specify)(disorder)</td><td>Maternal Conditions/Diseases (Specify)</td></tr><tr><td><a href=\"CodeSystem-CodeSystem-local-bfdr-codes.html#CodeSystem-local-bfdr-codes-FCOD_membranes\">FCOD_membranes</a></td><td>Complications of Placenta, Cord, or Membranes: Other (Specify)(disorder)</td><td>Complications of Placenta, Cord, or Membranes: Other (Specify)</td></tr><tr><td><a href=\"CodeSystem-CodeSystem-local-bfdr-codes.html#CodeSystem-local-bfdr-codes-FCOD_obstetricalcomplications\">FCOD_obstetricalcomplications</a></td><td>Other Obstetrical or Pregnancy Complications (Specify)(disorder)</td><td>Other Obstetrical or Pregnancy Complications (Specify)</td></tr><tr><td><a href=\"CodeSystem-CodeSystem-local-bfdr-codes.html#CodeSystem-local-bfdr-codes-FCOD_fetalconditions\">FCOD_fetalconditions</a></td><td>Other Fetal Conditions/Disorder (Specify)(disorder)</td><td>Other Fetal Conditions/Disorder (Specify)</td></tr></table></li><li>Include these codes as defined in <a href=\"http://terminology.hl7.org/5.0.0/CodeSystem-v3-NullFlavor.html\"><code>http://terminology.hl7.org/CodeSystem/v3-NullFlavor</code></a><table class=\"none\"><tr><td style=\"white-space:nowrap\"><b>Code</b></td><td><b>Display</b></td><td><b>Definition</b></td></tr><tr><td><a href=\"http://terminology.hl7.org/5.0.0/CodeSystem-v3-NullFlavor.html#v3-NullFlavor-UNK\">UNK</a></td><td>unknown</td><td>**Description:**A proper value is applicable, but not known.<br/><br/>**Usage Notes**: This means the actual value is not known. If the only thing that is unknown is how to properly express the value in the necessary constraints (value set, datatype, etc.), then the OTH or UNC flavor should be used. No properties should be included for a datatype with this property unless:<br/><br/>1.  Those properties themselves directly translate to a semantic of &quot;unknown&quot;. (E.g. a local code sent as a translation that conveys 'unknown')<br/>2.  Those properties further qualify the nature of what is unknown. (E.g. specifying a use code of &quot;H&quot; and a URL prefix of &quot;tel:&quot; to convey that it is the home phone number that is unknown.)</td></tr></table></li></ul></div>"},"extension":[{"url":"http://hl7.org/fhir/StructureDefinition/structuredefinition-wg","valueCode":"pher"}],"url":"http://hl7.org/fhir/us/bfdr/ValueSet/ValueSet-fetal-death-cause-or-condition","version":"2.0.0-Ballot","name":"FetalDeathCauseOrConditionVS","title":"ValueSet - Fetal Death Cause or Condition","status":"draft","experimental":false,"date":"2024-02-13T11:56:10-05:00","publisher":"HL7 International / Public Health","contact":[{"name":"HL7 International / Public Health","telecom":[{"system":"url","value":"http://www.hl7.org/Special/committees/pher"}]}],"description":"This valueset contains codes to represent fetal death cause or condition.  This valueset is based on [PHVS_FetalDeathCauseOrCondition_NCHS](https://phinvads.cdc.gov/vads/ViewValueSet.action?id=DC1C6A94-C9FF-42CD-B546-E789003ED793).","jurisdiction":[{"coding":[{"system":"urn:iso:std:iso:3166","code":"US","display":"United States of America"}]}],"copyright":"This value set includes content from SNOMED CT, which is copyright © 2002+ International Health Terminology Standards Development Organisation (IHTSDO), and distributed by agreement between IHTSDO and HL7. Implementer use of SNOMED CT is not covered by this agreement","compose":{"include":[{"system":"http://snomed.info/sct","concept":[{"code":"44223004","display":"Premature rupture of membranes (disorder)"},{"code":"415105001","display":"Placental abruption (disorder)"},{"code":"237292005","display":"Placental insufficiency (disorder)"},{"code":"270500004","display":"Prolapsed cord (disorder)"},{"code":"11612004","display":"Chorioamnionitis (disorder)"},{"code":"702709008","display":"Congenital anomaly of fetus (Specify) (disorder)"},{"code":"277489001","display":"Fetal trauma (Specify) (disorder)"},{"code":"128270001","display":"Infectious disorder of the fetus (Specify) (disorder)"}]},{"system":"http://hl7.org/fhir/us/bfdr/CodeSystem/CodeSystem-local-bfdr-codes","concept":[{"code":"FCOD_maternalconditions","display":"Maternal Conditions/Diseases (Specify)(disorder)"},{"code":"FCOD_membranes","display":"Complications of Placenta, Cord, or Membranes: Other (Specify)(disorder)"},{"code":"FCOD_obstetricalcomplications","display":"Other Obstetrical or Pregnancy Complications (Specify)(disorder)"},{"code":"FCOD_fetalconditions","display":"Other Fetal Conditions/Disorder (Specify)(disorder)"}]},{"system":"http://terminology.hl7.org/CodeSystem/v3-NullFlavor","concept":[{"code":"UNK","display":"unknown"}]}]}}