<?xml version="1.0" encoding="UTF-8"?>

<ConceptMap xmlns="http://hl7.org/fhir">
  <id value="BirthDeliveryOccurredCM"/>
  <text>
    <status value="extensions"/><div xmlns="http://www.w3.org/1999/xhtml"><p>Mapping from (not specified) to <a href="ValueSet-ValueSet-birth-delivery-occurred.html">ValueSet - Birth Delivery Occurred</a></p><p>DRAFT. Published on 2024-02-13 11:56:10-0500 by HL7 International / Public Health (HL7 International / Public Health: <a href="http://www.hl7.org/Special/committees/pher">http://www.hl7.org/Special/com...</a>). </p><div><p>A mapping between NCHS IJE and FHIR BirthDeliveryOccurred Value Sets</p>
</div><br/><p><b>Group 1</b>Mapping from <a href="https://build.fhir.org/ig/HL7/vr-common-library//CodeSystem-codesystem-ije-vr.html">Placeholder Code System for IJE in Vital Records</a> to <a href="http://hl7.org/fhir/R4/codesystem-snomedct.html">SNOMED CT (all versions)</a></p><table class="grid"><tr><td><b>Source Code</b></td><td><b>Relationship</b></td><td><b>Target Code</b></td></tr><tr><td>1 (Hospital)</td><td><a href="http://hl7.org/fhir/R4/codesystem-concept-map-equivalence.html#null"/></td><td>22232009 (Hospital)</td></tr><tr><td>2 (Freestanding Birth Center)</td><td><a href="http://hl7.org/fhir/R4/codesystem-concept-map-equivalence.html#null"/></td><td>91154008 (Free-standing birthing center)</td></tr><tr><td>3 (Home (Intended))</td><td><a href="http://hl7.org/fhir/R4/codesystem-concept-map-equivalence.html#null"/></td><td>408839006 (Planned home birth)</td></tr><tr><td>4 (Home (Not Intended))</td><td><a href="http://hl7.org/fhir/R4/codesystem-concept-map-equivalence.html#null"/></td><td>408838003 (Unplanned home birth)</td></tr><tr><td>6 (Clinic/Doctor's Office)</td><td><a href="http://hl7.org/fhir/R4/codesystem-concept-map-equivalence.html#null"/></td><td>67190003 (Free-standing clinic)</td></tr></table><hr/><p><b>Group 2</b>Mapping from <a href="https://build.fhir.org/ig/HL7/vr-common-library//CodeSystem-codesystem-ije-vr.html">Placeholder Code System for IJE in Vital Records</a> to <a href="CodeSystem-CodeSystem-local-bfdr-codes.html">Local BFDR Codes</a></p><table class="grid"><tr><td><b>Source Code</b></td><td><b>Relationship</b></td><td><b>Target Code</b></td></tr><tr><td>5 (Home (Unknown if Intended))</td><td><a href="http://hl7.org/fhir/R4/codesystem-concept-map-equivalence.html#null"/></td><td>unknownplannedhomebirth (Unknown if Planned Home Birth)</td></tr></table><hr/><p><b>Group 3</b>Mapping from <a href="https://build.fhir.org/ig/HL7/vr-common-library//CodeSystem-codesystem-ije-vr.html">Placeholder Code System for IJE in Vital Records</a> to <a href="http://terminology.hl7.org/5.0.0/CodeSystem-v3-NullFlavor.html">NullFlavor</a></p><table class="grid"><tr><td><b>Source Code</b></td><td><b>Relationship</b></td><td><b>Target Code</b></td></tr><tr><td>7 (Other)</td><td><a href="http://hl7.org/fhir/R4/codesystem-concept-map-equivalence.html#null"/></td><td>OTH (Other)</td></tr><tr><td>9 (Unknown)</td><td><a href="http://hl7.org/fhir/R4/codesystem-concept-map-equivalence.html#null"/></td><td>UNK (Unknown)</td></tr></table></div>
  </text>
  <extension url="http://hl7.org/fhir/StructureDefinition/structuredefinition-wg">
    <valueCode value="pher"/>
  </extension>
  <url value="http://hl7.org/fhir/us/bfdr/ConceptMap/BirthDeliveryOccurredCM"/>
  <version value="2.0.0-Ballot"/>
  <name value="BirthDeliveryOccurred"/>
  <title value="BirthDeliveryOccurred Concept Map"/>
  <status value="draft"/>
  <experimental value="false"/>
  <date value="2024-02-13T11:56:10-05:00"/>
  <publisher value="HL7 International / Public Health"/>
  <contact>
    <name value="HL7 International / Public Health"/>
    <telecom>
      <system value="url"/>
      <value value="http://www.hl7.org/Special/committees/pher"/>
    </telecom>
  </contact>
  <description value="A mapping between NCHS IJE and FHIR BirthDeliveryOccurred Value Sets"/>
  <useContext>
    <code>
      <system value="http://terminology.hl7.org/CodeSystem/usage-context-type"/>
      <code value="focus"/>
    </code>
    <valueCodeableConcept>
      <text value="for IJE to FHIR alignment"/>
    </valueCodeableConcept>
  </useContext>
  <jurisdiction>
    <coding>
      <system value="urn:iso:std:iso:3166"/>
      <code value="US"/>
      <display value="United States of America"/>
    </coding>
  </jurisdiction>
  <purpose value="To help implementers map from IJE to FHIR Vocabulary"/>
  <targetCanonical value="http://hl7.org/fhir/us/bfdr/ValueSet/ValueSet-birth-delivery-occurred"/>
  <group>
    <source value="http://hl7.org/fhir/us/vr-common-library/CodeSystem/codesystem-ije-vr"/>
    <target value="http://snomed.info/sct"/>
    <element>
      <code value="1"/>
      <display value="Hospital"/>
      <target>
        <modifierExtension url="http://hl7.org/fhir/1.0/StructureDefinition/extension-ConceptMap.element.target.equivalence">
          <valueCode value="equivalent"/>
        </modifierExtension>
        <code value="22232009"/>
        <display value="Hospital"/>
        <equivalence value="equivalent"/>
      </target>
    </element>
    <element>
      <code value="2"/>
      <display value="Freestanding Birth Center"/>
      <target>
        <modifierExtension url="http://hl7.org/fhir/1.0/StructureDefinition/extension-ConceptMap.element.target.equivalence">
          <valueCode value="equivalent"/>
        </modifierExtension>
        <code value="91154008"/>
        <display value="Free-standing birthing center"/>
        <equivalence value="equivalent"/>
      </target>
    </element>
    <element>
      <code value="3"/>
      <display value="Home (Intended)"/>
      <target>
        <modifierExtension url="http://hl7.org/fhir/1.0/StructureDefinition/extension-ConceptMap.element.target.equivalence">
          <valueCode value="equivalent"/>
        </modifierExtension>
        <code value="408839006"/>
        <display value="Planned home birth"/>
        <equivalence value="equivalent"/>
      </target>
    </element>
    <element>
      <code value="4"/>
      <display value="Home (Not Intended)"/>
      <target>
        <modifierExtension url="http://hl7.org/fhir/1.0/StructureDefinition/extension-ConceptMap.element.target.equivalence">
          <valueCode value="equivalent"/>
        </modifierExtension>
        <code value="408838003"/>
        <display value="Unplanned home birth"/>
        <equivalence value="equivalent"/>
      </target>
    </element>
    <element>
      <code value="6"/>
      <display value="Clinic/Doctor's Office"/>
      <target>
        <modifierExtension url="http://hl7.org/fhir/1.0/StructureDefinition/extension-ConceptMap.element.target.equivalence">
          <valueCode value="equivalent"/>
        </modifierExtension>
        <code value="67190003"/>
        <display value="Free-standing clinic"/>
        <equivalence value="equivalent"/>
      </target>
    </element>
  </group>
  <group>
    <source value="http://hl7.org/fhir/us/vr-common-library/CodeSystem/codesystem-ije-vr"/>
    <target value="http://hl7.org/fhir/us/bfdr/CodeSystem/CodeSystem-local-bfdr-codes"/>
    <element>
      <code value="5"/>
      <display value="Home (Unknown if Intended)"/>
      <target>
        <modifierExtension url="http://hl7.org/fhir/1.0/StructureDefinition/extension-ConceptMap.element.target.equivalence">
          <valueCode value="equivalent"/>
        </modifierExtension>
        <code value="unknownplannedhomebirth"/>
        <display value="Unknown if Planned Home Birth"/>
        <equivalence value="equivalent"/>
      </target>
    </element>
  </group>
  <group>
    <source value="http://hl7.org/fhir/us/vr-common-library/CodeSystem/codesystem-ije-vr"/>
    <target value="http://terminology.hl7.org/CodeSystem/v3-NullFlavor"/>
    <element>
      <code value="7"/>
      <display value="Other"/>
      <target>
        <modifierExtension url="http://hl7.org/fhir/1.0/StructureDefinition/extension-ConceptMap.element.target.equivalence">
          <valueCode value="equivalent"/>
        </modifierExtension>
        <code value="OTH"/>
        <display value="Other"/>
        <equivalence value="equivalent"/>
      </target>
    </element>
    <element>
      <code value="9"/>
      <display value="Unknown"/>
      <target>
        <modifierExtension url="http://hl7.org/fhir/1.0/StructureDefinition/extension-ConceptMap.element.target.equivalence">
          <valueCode value="equivalent"/>
        </modifierExtension>
        <code value="UNK"/>
        <display value="Unknown"/>
        <equivalence value="equivalent"/>
      </target>
    </element>
  </group>
</ConceptMap>