<?xml version="1.0" encoding="UTF-8"?>

<ConceptMap xmlns="http://hl7.org/fhir">
  <id value="FetalPresentationCM"/>
  <text>
    <status value="extensions"/><div xmlns="http://www.w3.org/1999/xhtml"><p>Mapping from (not specified) to <a href="ValueSet-ValueSet-fetal-presentations.html">ValueSet - Fetal Presentations</a></p><p>DRAFT. Published on 2024-02-13 11:56:10-0500 by HL7 International / Public Health (HL7 International / Public Health: <a href="http://www.hl7.org/Special/committees/pher">http://www.hl7.org/Special/com...</a>). </p><div><p>A mapping between NCHS IJE and FHIR FetalPresentation Value Sets</p>
</div><br/><p><b>Group 1</b>Mapping from <a href="https://build.fhir.org/ig/HL7/vr-common-library//CodeSystem-codesystem-ije-vr.html">Placeholder Code System for IJE in Vital Records</a> to <a href="http://hl7.org/fhir/R4/codesystem-snomedct.html">SNOMED CT (all versions)</a></p><table class="grid"><tr><td><b>Source Code</b></td><td><b>Relationship</b></td><td><b>Target Code</b></td></tr><tr><td>1 (Cephalic)</td><td><a href="http://hl7.org/fhir/R4/codesystem-concept-map-equivalence.html#null"/></td><td>70028003 (Vertex presentation (finding))</td></tr><tr><td>2 (Breech)</td><td><a href="http://hl7.org/fhir/R4/codesystem-concept-map-equivalence.html#null"/></td><td>6096002 (Breech presentation (finding))</td></tr><tr><td>3 (Other)</td><td><a href="http://hl7.org/fhir/R4/codesystem-concept-map-equivalence.html#null"/></td><td>163518000 (On examination - fetal presentation unsure	Unknown fetal presentation (finding))</td></tr></table><hr/><p><b>Group 2</b>Mapping from <a href="https://build.fhir.org/ig/HL7/vr-common-library//CodeSystem-codesystem-ije-vr.html">Placeholder Code System for IJE in Vital Records</a> to <a href="http://terminology.hl7.org/5.0.0/CodeSystem-v3-NullFlavor.html">NullFlavor</a></p><table class="grid"><tr><td><b>Source Code</b></td><td><b>Relationship</b></td><td><b>Target Code</b></td></tr><tr><td>9 (Unknown)</td><td><a href="http://hl7.org/fhir/R4/codesystem-concept-map-equivalence.html#null"/></td><td>OTH (other)</td></tr></table></div>
  </text>
  <extension url="http://hl7.org/fhir/StructureDefinition/structuredefinition-wg">
    <valueCode value="pher"/>
  </extension>
  <url value="http://hl7.org/fhir/us/bfdr/ConceptMap/FetalPresentationCM"/>
  <version value="2.0.0-Ballot"/>
  <name value="FetalPresentation"/>
  <title value="FetalPresentation Concept Map"/>
  <status value="draft"/>
  <experimental value="false"/>
  <date value="2024-02-13T11:56:10-05:00"/>
  <publisher value="HL7 International / Public Health"/>
  <contact>
    <name value="HL7 International / Public Health"/>
    <telecom>
      <system value="url"/>
      <value value="http://www.hl7.org/Special/committees/pher"/>
    </telecom>
  </contact>
  <description value="A mapping between NCHS IJE and FHIR FetalPresentation Value Sets"/>
  <useContext>
    <code>
      <system value="http://terminology.hl7.org/CodeSystem/usage-context-type"/>
      <code value="focus"/>
    </code>
    <valueCodeableConcept>
      <text value="for IJE to FHIR alignment"/>
    </valueCodeableConcept>
  </useContext>
  <jurisdiction>
    <coding>
      <system value="urn:iso:std:iso:3166"/>
      <code value="US"/>
      <display value="United States of America"/>
    </coding>
  </jurisdiction>
  <purpose value="To help implementers map from IJE to FHIR Vocabulary"/>
  <targetCanonical value="http://hl7.org/fhir/us/bfdr/ValueSet/ValueSet-fetal-presentations"/>
  <group>
    <source value="http://hl7.org/fhir/us/vr-common-library/CodeSystem/codesystem-ije-vr"/>
    <target value="http://snomed.info/sct"/>
    <element>
      <code value="1"/>
      <display value="Cephalic"/>
      <target>
        <modifierExtension url="http://hl7.org/fhir/1.0/StructureDefinition/extension-ConceptMap.element.target.equivalence">
          <valueCode value="equivalent"/>
        </modifierExtension>
        <code value="70028003"/>
        <display value="Vertex presentation (finding)"/>
        <equivalence value="equivalent"/>
      </target>
    </element>
    <element>
      <code value="2"/>
      <display value="Breech"/>
      <target>
        <modifierExtension url="http://hl7.org/fhir/1.0/StructureDefinition/extension-ConceptMap.element.target.equivalence">
          <valueCode value="equivalent"/>
        </modifierExtension>
        <code value="6096002"/>
        <display value="Breech presentation (finding)"/>
        <equivalence value="equivalent"/>
      </target>
    </element>
    <element>
      <code value="3"/>
      <display value="Other"/>
      <target>
        <modifierExtension url="http://hl7.org/fhir/1.0/StructureDefinition/extension-ConceptMap.element.target.equivalence">
          <valueCode value="equivalent"/>
        </modifierExtension>
        <code value="163518000"/>
        <display value="On examination - fetal presentation unsure&#x9;Unknown fetal presentation (finding)"/>
        <equivalence value="equivalent"/>
      </target>
    </element>
  </group>
  <group>
    <source value="http://hl7.org/fhir/us/vr-common-library/CodeSystem/codesystem-ije-vr"/>
    <target value="http://terminology.hl7.org/CodeSystem/v3-NullFlavor"/>
    <element>
      <code value="9"/>
      <display value="Unknown"/>
      <target>
        <modifierExtension url="http://hl7.org/fhir/1.0/StructureDefinition/extension-ConceptMap.element.target.equivalence">
          <valueCode value="equivalent"/>
        </modifierExtension>
        <code value="OTH"/>
        <display value="other"/>
        <equivalence value="equivalent"/>
      </target>
    </element>
  </group>
</ConceptMap>