<?xml version="1.0" encoding="UTF-8"?>

<Condition xmlns="http://hl7.org/fhir">
  <id value="condition-prepregnancy-hypertension-jada-ann-quinn"/>
  <meta>
    <profile value="http://hl7.org/fhir/us/bfdr/StructureDefinition/Condition-gestational-hypertension"/>
  </meta>
  <text>
    <status value="generated"/><div xmlns="http://www.w3.org/1999/xhtml"><p><b>Generated Narrative: Condition</b><a name="condition-prepregnancy-hypertension-jada-ann-quinn"> </a></p><div style="display: inline-block; background-color: #d9e0e7; padding: 6px; margin: 4px; border: 1px solid #8da1b4; border-radius: 5px; line-height: 60%"><p style="margin-bottom: 0px">Resource Condition &quot;condition-prepregnancy-hypertension-jada-ann-quinn&quot; </p><p style="margin-bottom: 0px">Profile: <a href="StructureDefinition-Condition-gestational-hypertension.html">Condition - Gestational Hypertension</a></p></div><p><b>clinicalStatus</b>: Active <span style="background: LightGoldenRodYellow; margin: 4px; border: 1px solid khaki"> (<a href="http://terminology.hl7.org/5.0.0/CodeSystem-condition-clinical.html">Condition Clinical Status Codes</a>#active)</span></p><p><b>category</b>: Hypertensive disorder, systemic arterial (disorder) <span style="background: LightGoldenRodYellow; margin: 4px; border: 1px solid khaki"> (<a href="http://terminology.hl7.org/5.0.0/CodeSystem-condition-category.html">Condition Category Codes</a>#problem-list-item)</span>, Mothers Risk factors in this pregnancy [US Standard Certificate of Live Birth] <span style="background: LightGoldenRodYellow; margin: 4px; border: 1px solid khaki"> (<a href="https://loinc.org/">LOINC</a>#73775-9)</span></p><p><b>code</b>: Pregnancy-induced hypertension <span style="background: LightGoldenRodYellow; margin: 4px; border: 1px solid khaki"> (<a href="https://browser.ihtsdotools.org/">SNOMED CT</a>#48194001)</span></p><p><b>subject</b>: <a href="Patient-patient-mother-jada-ann-quinn.html">Patient/patient-mother-jada-ann-quinn: Patient - Mother (Jada Ann Quinn)</a> &quot; QUINN&quot;</p><p><b>onset</b>: 2015-02-12</p></div>
  </text>
  <clinicalStatus>
    <coding>
      <system value="http://terminology.hl7.org/CodeSystem/condition-clinical"/>
      <code value="active"/>
      <display value="Active"/>
    </coding>
    <text value="Active"/>
  </clinicalStatus>
  <category>
    <coding>
      <system value="http://terminology.hl7.org/CodeSystem/condition-category"/>
      <code value="problem-list-item"/>
    </coding>
    <text value="Hypertensive disorder, systemic arterial (disorder)"/>
  </category>
  <category>
    <coding>
      <system value="http://loinc.org"/>
      <code value="73775-9"/>
    </coding>
  </category>
  <code>
    <coding>
      <system value="http://snomed.info/sct"/>
      <code value="48194001"/>
    </coding>
  </code>
  <subject>
    <reference value="Patient/patient-mother-jada-ann-quinn"/>
    <display value="Patient - Mother (Jada Ann Quinn)"/>
  </subject>
  <onsetDateTime value="2015-02-12"/>
</Condition>