<?xml version="1.0" encoding="UTF-8"?>

<Observation xmlns="http://hl7.org/fhir">
  <id value="observation-birth-weight-not-named-w-edit"/>
  <meta>
    <profile value="http://hl7.org/fhir/us/bfdr/StructureDefinition/Observation-birth-weight"/>
  </meta>
  <text>
    <status value="generated"/><div xmlns="http://www.w3.org/1999/xhtml"><p><b>Generated Narrative: Observation</b><a name="observation-birth-weight-not-named-w-edit"> </a></p><div style="display: inline-block; background-color: #d9e0e7; padding: 6px; margin: 4px; border: 1px solid #8da1b4; border-radius: 5px; line-height: 60%"><p style="margin-bottom: 0px">Resource Observation &quot;observation-birth-weight-not-named-w-edit&quot; </p><p style="margin-bottom: 0px">Profile: <a href="StructureDefinition-Observation-birth-weight.html">Observation - Birth Weight</a></p></div><p><b>status</b>: final</p><p><b>category</b>: Vital Signs <span style="background: LightGoldenRodYellow; margin: 4px; border: 1px solid khaki"> (<a href="http://terminology.hl7.org/5.0.0/CodeSystem-observation-category.html">Observation Category Codes</a>#vital-signs)</span></p><p><b>code</b>: Birth weight Measured <span style="background: LightGoldenRodYellow; margin: 4px; border: 1px solid khaki"> (<a href="https://loinc.org/">LOINC</a>#8339-4)</span></p><p><b>subject</b>: <a href="Patient-patient-decedent-fetus-not-named.html">Patient/patient-decedent-fetus-not-named: Patient - Decedent Fetus (Fetus Not Named)</a> &quot;&quot;</p><p><b>effective</b>: 2019-02-10</p><p><b>performer</b>: <a href="Organization-organization-jurisdictional-vital-records-office.html">Organization/organization-jurisdictional-vital-records-office</a> &quot;Jurisdictional Vital Records Office&quot;</p><p><b>value</b>: 1530 g<span style="background: LightGoldenRodYellow"> (Details: UCUM code g = 'g')</span></p></div>
  </text>
  <status value="final"/>
  <category>
    <coding>
      <system value="http://terminology.hl7.org/CodeSystem/observation-category"/>
      <code value="vital-signs"/>
    </coding>
  </category>
  <code>
    <coding>
      <system value="http://loinc.org"/>
      <code value="8339-4"/>
    </coding>
  </code>
  <subject>
    <reference value="Patient/patient-decedent-fetus-not-named"/>
    <display value="Patient - Decedent Fetus (Fetus Not Named)"/>
  </subject>
  <effectiveDateTime value="2019-02-10"/>
  <performer>
    <reference value="Organization/organization-jurisdictional-vital-records-office"/>
  </performer>
  <valueQuantity>
    <extension url="http://hl7.org/fhir/us/vr-common-library/StructureDefinition/BypassEditFlag">
      <valueCodeableConcept>
        <coding>
          <system value="http://hl7.org/fhir/us/vr-common-library/CodeSystem/CodeSystem-vr-edit-flags"/>
          <code value="0off"/>
          <display value="Off"/>
        </coding>
      </valueCodeableConcept>
    </extension>
    <value value="1530"/>
    <system value="http://unitsofmeasure.org"/>
    <code value="g"/>
  </valueQuantity>
</Observation>