<?xml version="1.0" encoding="UTF-8"?>

<Observation xmlns="http://hl7.org/fhir">
  <id value="observation-date-of-last-live-birth-carmen-teresa-lee"/>
  <meta>
    <profile value="http://hl7.org/fhir/us/bfdr/StructureDefinition/Observation-date-of-last-live-birth"/>
  </meta>
  <text>
    <status value="generated"/><div xmlns="http://www.w3.org/1999/xhtml"><p><b>Generated Narrative: Observation</b><a name="observation-date-of-last-live-birth-carmen-teresa-lee"> </a></p><div style="display: inline-block; background-color: #d9e0e7; padding: 6px; margin: 4px; border: 1px solid #8da1b4; border-radius: 5px; line-height: 60%"><p style="margin-bottom: 0px">Resource Observation &quot;observation-date-of-last-live-birth-carmen-teresa-lee&quot; </p><p style="margin-bottom: 0px">Profile: <a href="StructureDefinition-Observation-date-of-last-live-birth.html">Observation - Date of Last Live Birth</a></p></div><p><b>status</b>: final</p><p><b>code</b>: Date of last live birth <span style="background: LightGoldenRodYellow; margin: 4px; border: 1px solid khaki"> (<a href="https://loinc.org/">LOINC</a>#68499-3 &quot;Date last live birth&quot;)</span></p><p><b>subject</b>: <a href="Patient-patient-mother-carmen-teresa-lee.html">Patient/patient-mother-carmen-teresa-lee: Patient - Mother (Carmen Teresa Lee)</a> &quot; LEE&quot;</p><p><b>effective</b>: 2019-12-02</p><p><b>performer</b>: <a href="Practitioner-practitioner-vital-records-janet-seito.html">Practitioner/practitioner-vital-records-janet-seito</a> &quot; JANET&quot;</p><p><b>value</b>: 2016-01-28</p></div>
  </text>
  <status value="final"/>
  <code>
    <coding>
      <system value="http://loinc.org"/>
      <code value="68499-3"/>
      <display value="Date last live birth"/>
    </coding>
    <text value="Date of last live birth"/>
  </code>
  <subject>
    <reference value="Patient/patient-mother-carmen-teresa-lee"/>
    <display value="Patient - Mother (Carmen Teresa Lee)"/>
  </subject>
  <effectiveDateTime value="2019-12-02"/>
  <performer>
    <reference value="Practitioner/practitioner-vital-records-janet-seito"/>
  </performer>
  <valueDateTime value="2016-01-28"/>
</Observation>