<?xml version="1.0" encoding="UTF-8"?>

<Observation xmlns="http://hl7.org/fhir">
  <id value="observation-cig-smoking-pregnancy-2-jada-ann-quinn"/>
  <meta>
    <profile value="http://hl7.org/fhir/us/bfdr/StructureDefinition/Observation-cigarette-smoking-before-during-pregnancy"/>
  </meta>
  <text>
    <status value="generated"/><div xmlns="http://www.w3.org/1999/xhtml"><p><b>Generated Narrative: Observation</b><a name="observation-cig-smoking-pregnancy-2-jada-ann-quinn"> </a></p><div style="display: inline-block; background-color: #d9e0e7; padding: 6px; margin: 4px; border: 1px solid #8da1b4; border-radius: 5px; line-height: 60%"><p style="margin-bottom: 0px">Resource Observation &quot;observation-cig-smoking-pregnancy-2-jada-ann-quinn&quot; </p><p style="margin-bottom: 0px">Profile: <a href="StructureDefinition-Observation-cigarette-smoking-before-during-pregnancy.html">Observation - Cigarette Smoking Before and During Pregnancy</a></p></div><p><b>status</b>: final</p><p><b>code</b>: Cigarettes smoked per day by Mother--1st trimester <span style="background: LightGoldenRodYellow; margin: 4px; border: 1px solid khaki"> (<a href="https://loinc.org/">LOINC</a>#87298-6)</span></p><p><b>subject</b>: <a href="Patient-patient-mother-jada-ann-quinn.html">Patient/patient-mother-jada-ann-quinn: Patient - Mother (Jada Ann Quinn)</a> &quot; QUINN&quot;</p><p><b>focus</b>: <a href="Patient-patient-child-babyg-quinn.html">Patient/patient-child-babyg-quinn: BabyG Quinn</a> &quot; QUINN&quot;</p><p><b>effective</b>: 2019-12-02</p><p><b>performer</b>: <a href="Patient-patient-mother-jada-ann-quinn.html">Patient/patient-mother-jada-ann-quinn</a> &quot; QUINN&quot;</p><p><b>value</b>: 3</p></div>
  </text>
  <status value="final"/>
  <code>
    <coding>
      <system value="http://loinc.org"/>
      <code value="87298-6"/>
      <display value="Cigarettes smoked per day by Mother--1st trimester"/>
    </coding>
    <text value="Cigarettes smoked per day by Mother--1st trimester"/>
  </code>
  <subject>
    <reference value="Patient/patient-mother-jada-ann-quinn"/>
    <display value="Patient - Mother (Jada Ann Quinn)"/>
  </subject>
  <focus>
    <reference value="Patient/patient-child-babyg-quinn"/>
    <display value="BabyG Quinn"/>
  </focus>
  <effectiveDateTime value="2019-12-02"/>
  <performer>
    <reference value="Patient/patient-mother-jada-ann-quinn"/>
  </performer>
  <valueInteger value="3"/>
</Observation>