<?xml version="1.0" encoding="UTF-8"?>

<Observation xmlns="http://hl7.org/fhir">
  <id value="observation-mother-received-wic-food-carmen-teresa-lee"/>
  <meta>
    <profile value="http://hl7.org/fhir/us/bfdr/StructureDefinition/Observation-mother-received-wic-food"/>
  </meta>
  <text>
    <status value="generated"/><div xmlns="http://www.w3.org/1999/xhtml"><p><b>Generated Narrative: Observation</b><a name="observation-mother-received-wic-food-carmen-teresa-lee"> </a></p><div style="display: inline-block; background-color: #d9e0e7; padding: 6px; margin: 4px; border: 1px solid #8da1b4; border-radius: 5px; line-height: 60%"><p style="margin-bottom: 0px">Resource Observation &quot;observation-mother-received-wic-food-carmen-teresa-lee&quot; </p><p style="margin-bottom: 0px">Profile: <a href="StructureDefinition-Observation-mother-received-wic-food.html">Observation - Mother Recieved WIC Food</a></p></div><p><b>status</b>: final</p><p><b>code</b>: Mother WIC food recipient <span style="background: LightGoldenRodYellow; margin: 4px; border: 1px solid khaki"> (<a href="https://loinc.org/">LOINC</a>#87303-4)</span></p><p><b>subject</b>: <a href="Patient-patient-mother-carmen-teresa-lee.html">Patient/patient-mother-carmen-teresa-lee: Patient - Mother (Carmen Teresa Lee)</a> &quot; LEE&quot;</p><p><b>focus</b>: <a href="Patient-patient-decedent-fetus-not-named.html">Patient/patient-decedent-fetus-not-named: Patient - Decedent Fetus (Fetus Not Named)</a> &quot;&quot;</p><p><b>effective</b>: 2019-12-02</p><p><b>performer</b>: <a href="Patient-patient-mother-carmen-teresa-lee.html">Patient/patient-mother-carmen-teresa-lee</a> &quot; LEE&quot;</p><p><b>value</b>: No <span style="background: LightGoldenRodYellow; margin: 4px; border: 1px solid khaki"> (<a href="http://hl7.org/fhir/R4/v2/0136/index.html">v2 Y/N Indicator</a>#N)</span></p></div>
  </text>
  <status value="final"/>
  <code>
    <coding>
      <system value="http://loinc.org"/>
      <code value="87303-4"/>
    </coding>
  </code>
  <subject>
    <reference value="Patient/patient-mother-carmen-teresa-lee"/>
    <display value="Patient - Mother (Carmen Teresa Lee)"/>
  </subject>
  <focus>
    <reference value="Patient/patient-decedent-fetus-not-named"/>
    <display value="Patient - Decedent Fetus (Fetus Not Named)"/>
  </focus>
  <effectiveDateTime value="2019-12-02"/>
  <performer>
    <reference value="Patient/patient-mother-carmen-teresa-lee"/>
  </performer>
  <valueCodeableConcept>
    <coding>
      <system value="http://terminology.hl7.org/CodeSystem/v2-0136"/>
      <code value="N"/>
      <display value="No"/>
    </coding>
  </valueCodeableConcept>
</Observation>