<?xml version="1.0" encoding="UTF-8"?>

<Observation xmlns="http://hl7.org/fhir">
  <id value="observation-none-specified-risk-factors-jada-ann-quinn"/>
  <meta>
    <versionId value="2"/>
    <lastUpdated value="2023-06-21T02:01:01.814Z"/>
    <profile value="http://hl7.org/fhir/us/bfdr/StructureDefinition/Observation-none-of-specified-pregnancy-risk-factors"/>
  </meta>
  <text>
    <status value="generated"/><div xmlns="http://www.w3.org/1999/xhtml"><p><b>Generated Narrative: Observation</b><a name="observation-none-specified-risk-factors-jada-ann-quinn"> </a></p><div style="display: inline-block; background-color: #d9e0e7; padding: 6px; margin: 4px; border: 1px solid #8da1b4; border-radius: 5px; line-height: 60%"><p style="margin-bottom: 0px">Resource Observation &quot;observation-none-specified-risk-factors-jada-ann-quinn&quot; Version &quot;2&quot; Updated &quot;2023-06-21 02:01:01+0000&quot; </p><p style="margin-bottom: 0px">Profile: <a href="StructureDefinition-Observation-none-of-specified-pregnancy-risk-factors.html">Observation - None Of Specified Pregnancy Risk Factors</a></p></div><p><b>status</b>: final</p><p><b>code</b>: Mothers Risk factors in this pregnancy [US Standard Certificate of Live Birth] <span style="background: LightGoldenRodYellow; margin: 4px; border: 1px solid khaki"> (<a href="https://loinc.org/">LOINC</a>#73775-9)</span></p><p><b>subject</b>: <a href="Patient-patient-mother-jada-ann-quinn.html">Patient/patient-mother-jada-ann-quinn: Patient - Mother (Jada Ann Quinn)</a> &quot; QUINN&quot;</p><p><b>effective</b>: 2019-12-02</p><p><b>performer</b>: <a href="Practitioner-practitioner-vital-records-janet-seito.html">Practitioner/practitioner-vital-records-janet-seito</a> &quot; JANET&quot;</p><p><b>value</b>: None of the specified risk factors <span style="background: LightGoldenRodYellow; margin: 4px; border: 1px solid khaki"> (<a href="https://browser.ihtsdotools.org/">SNOMED CT</a>#260413007 &quot;None&quot;)</span></p></div>
  </text>
  <status value="final"/>
  <code>
    <coding>
      <system value="http://loinc.org"/>
      <code value="73775-9"/>
      <display value="Mothers Risk factors in this pregnancy [US Standard Certificate of Live Birth]"/>
    </coding>
    <text value="Mothers Risk factors in this pregnancy [US Standard Certificate of Live Birth]"/>
  </code>
  <subject>
    <reference value="Patient/patient-mother-jada-ann-quinn"/>
    <display value="Patient - Mother (Jada Ann Quinn)"/>
  </subject>
  <effectiveDateTime value="2019-12-02"/>
  <performer>
    <reference value="Practitioner/practitioner-vital-records-janet-seito"/>
  </performer>
  <valueCodeableConcept>
    <coding>
      <system value="http://snomed.info/sct"/>
      <code value="260413007"/>
      <display value="None"/>
    </coding>
    <text value="None of the specified risk factors"/>
  </valueCodeableConcept>
</Observation>