<?xml version="1.0" encoding="UTF-8"?>

<Observation xmlns="http://hl7.org/fhir">
  <id value="observation-number-prenatal-visits-jada-ann-quinn-w-edit"/>
  <meta>
    <profile value="http://hl7.org/fhir/us/bfdr/StructureDefinition/Observation-number-prenatal-visits"/>
  </meta>
  <text>
    <status value="generated"/><div xmlns="http://www.w3.org/1999/xhtml"><p><b>Generated Narrative: Observation</b><a name="observation-number-prenatal-visits-jada-ann-quinn-w-edit"> </a></p><div style="display: inline-block; background-color: #d9e0e7; padding: 6px; margin: 4px; border: 1px solid #8da1b4; border-radius: 5px; line-height: 60%"><p style="margin-bottom: 0px">Resource Observation &quot;observation-number-prenatal-visits-jada-ann-quinn-w-edit&quot; </p><p style="margin-bottom: 0px">Profile: <a href="StructureDefinition-Observation-number-prenatal-visits.html">Observation - Number of Prenatal Visits</a></p></div><p><b>status</b>: final</p><p><b>code</b>: Prenatal visits for this pregnancy # <span style="background: LightGoldenRodYellow; margin: 4px; border: 1px solid khaki"> (<a href="https://loinc.org/">LOINC</a>#68493-6)</span></p><p><b>subject</b>: <a href="Patient-patient-mother-jada-ann-quinn.html">Patient/patient-mother-jada-ann-quinn: Patient - Mother (Jada Ann Quinn)</a> &quot; QUINN&quot;</p><p><b>focus</b>: <a href="Patient-patient-child-babyg-quinn.html">Patient/patient-child-babyg-quinn: BabyG Quinn</a> &quot; QUINN&quot;</p><p><b>effective</b>: 2019-12-02</p><p><b>performer</b>: <a href="Practitioner-practitioner-vital-records-janet-seito.html">Practitioner/practitioner-vital-records-janet-seito</a> &quot; JANET&quot;</p><p><b>value</b>: 8</p></div>
  </text>
  <status value="final"/>
  <code>
    <coding>
      <system value="http://loinc.org"/>
      <code value="68493-6"/>
      <display value="Prenatal visits for this pregnancy #"/>
    </coding>
    <text value="Prenatal visits for this pregnancy #"/>
  </code>
  <subject>
    <reference value="Patient/patient-mother-jada-ann-quinn"/>
    <display value="Patient - Mother (Jada Ann Quinn)"/>
  </subject>
  <focus>
    <reference value="Patient/patient-child-babyg-quinn"/>
    <display value="BabyG Quinn"/>
  </focus>
  <effectiveDateTime value="2019-12-02"/>
  <performer>
    <reference value="Practitioner/practitioner-vital-records-janet-seito"/>
  </performer>
  <valueInteger value="8">
    <extension url="http://hl7.org/fhir/us/vr-common-library/StructureDefinition/BypassEditFlag">
      <valueCodeableConcept>
        <coding>
          <system value="http://hl7.org/fhir/us/vr-common-library/CodeSystem/CodeSystem-vr-edit-flags"/>
          <code value="0"/>
          <display value="Edit Passed"/>
        </coding>
      </valueCodeableConcept>
    </extension>
  </valueInteger>
</Observation>