<?xml version="1.0" encoding="UTF-8"?>

<Procedure xmlns="http://hl7.org/fhir">
  <id value="procedure-final-route-method-delivery-not-named"/>
  <meta>
    <profile value="http://hl7.org/fhir/us/bfdr/StructureDefinition/Procedure-final-route-method-delivery"/>
  </meta>
  <text>
    <status value="generated"/><div xmlns="http://www.w3.org/1999/xhtml"><p><b>Generated Narrative: Procedure</b><a name="procedure-final-route-method-delivery-not-named"> </a></p><div style="display: inline-block; background-color: #d9e0e7; padding: 6px; margin: 4px; border: 1px solid #8da1b4; border-radius: 5px; line-height: 60%"><p style="margin-bottom: 0px">Resource Procedure &quot;procedure-final-route-method-delivery-not-named&quot; </p><p style="margin-bottom: 0px">Profile: <a href="StructureDefinition-Procedure-final-route-method-delivery.html">Procedure - Final Route and Method of Delivery</a></p></div><p><b>status</b>: completed</p><p><b>code</b>: Spontaneous vaginal delivery <span style="background: LightGoldenRodYellow; margin: 4px; border: 1px solid khaki"> (<a href="https://browser.ihtsdotools.org/">SNOMED CT</a>#700000006 &quot;Vaginal delivery of fetus (procedure)&quot;)</span></p><p><b>subject</b>: <a href="Patient-patient-mother-carmen-teresa-lee.html">Patient/patient-mother-carmen-teresa-lee: Patient - Mother (Carmen Teresa Lee)</a> &quot; LEE&quot;</p><p><b>performed</b>: 2019-01-19 18:00:00-0700 --&gt; 2019-01-19 18:23:00-0700</p></div>
  </text>
  <status value="completed"/>
  <code>
    <coding>
      <system value="http://snomed.info/sct"/>
      <code value="700000006"/>
      <display value="Vaginal delivery of fetus (procedure)"/>
    </coding>
    <text value="Spontaneous vaginal delivery"/>
  </code>
  <subject>
    <reference value="Patient/patient-mother-carmen-teresa-lee"/>
    <display value="Patient - Mother (Carmen Teresa Lee)"/>
  </subject>
  <performedPeriod>
    <start value="2019-01-19T18:00:00-07:00"/>
    <end value="2019-01-19T18:23:00-07:00"/>
  </performedPeriod>
</Procedure>