<?xml version="1.0" encoding="UTF-8"?>

<Procedure xmlns="http://hl7.org/fhir">
  <id value="procedure-blood-transfusion-jada-ann-quinn"/>
  <meta>
    <profile value="http://hl7.org/fhir/us/bfdr/StructureDefinition/Procedure-blood-transfusion"/>
  </meta>
  <text>
    <status value="generated"/><div xmlns="http://www.w3.org/1999/xhtml"><p><b>Generated Narrative: Procedure</b><a name="procedure-blood-transfusion-jada-ann-quinn"> </a></p><div style="display: inline-block; background-color: #d9e0e7; padding: 6px; margin: 4px; border: 1px solid #8da1b4; border-radius: 5px; line-height: 60%"><p style="margin-bottom: 0px">Resource Procedure &quot;procedure-blood-transfusion-jada-ann-quinn&quot; </p><p style="margin-bottom: 0px">Profile: <a href="StructureDefinition-Procedure-blood-transfusion.html">Procedure - Blood Transfusion</a></p></div><p><b>status</b>: completed</p><p><b>code</b>: Transfusion of blood product (procedure) <span style="background: LightGoldenRodYellow; margin: 4px; border: 1px solid khaki"> (<a href="https://browser.ihtsdotools.org/">SNOMED CT</a>#116859006)</span></p><p><b>subject</b>: <a href="Patient-patient-mother-jada-ann-quinn.html">Patient/patient-mother-jada-ann-quinn: Patient - Mother (Jada Ann Quinn)</a> &quot; QUINN&quot;</p><p><b>performed</b>: 2019-02-07 08:30:00-0700 --&gt; 2019-02-07 08:45:00-0700</p></div>
  </text>
  <status value="completed"/>
  <code>
    <coding>
      <system value="http://snomed.info/sct"/>
      <code value="116859006"/>
      <display value="Transfusion of blood product (procedure)"/>
    </coding>
    <text value="Transfusion of blood product (procedure)"/>
  </code>
  <subject>
    <reference value="Patient/patient-mother-jada-ann-quinn"/>
    <display value="Patient - Mother (Jada Ann Quinn)"/>
  </subject>
  <performedPeriod>
    <start value="2019-02-07T08:30:00-07:00"/>
    <end value="2019-02-07T08:45:00-07:00"/>
  </performedPeriod>
</Procedure>