<?xml version="1.0" encoding="UTF-8"?>

<RelatedPerson xmlns="http://hl7.org/fhir">
  <id value="relatedperson-father-natural-tom-yan-lee"/>
  <meta>
    <profile value="http://hl7.org/fhir/us/vr-common-library/StructureDefinition/RelatedPerson-father-natural-vr"/>
  </meta>
  <text>
    <status value="extensions"/><div xmlns="http://www.w3.org/1999/xhtml"><p><b>Generated Narrative: RelatedPerson</b><a name="relatedperson-father-natural-tom-yan-lee"> </a></p><div style="display: inline-block; background-color: #d9e0e7; padding: 6px; margin: 4px; border: 1px solid #8da1b4; border-radius: 5px; line-height: 60%"><p style="margin-bottom: 0px">Resource RelatedPerson &quot;relatedperson-father-natural-tom-yan-lee&quot; </p><p style="margin-bottom: 0px">Profile: <a href="https://build.fhir.org/ig/HL7/vr-common-library//StructureDefinition-RelatedPerson-father-natural-vr.html">RelatedPerson - Father Natural Vital Records</a></p></div><p><b>RelatedPerson Birth Place Vital Records</b>: NY </p><p><b>active</b>: true</p><p><b>patient</b>: <a href="Patient-patient-decedent-fetus-not-named.html">Patient/patient-decedent-fetus-not-named: Patient - Decedent Fetus (Fetus Not Named)</a> &quot;&quot;</p><p><b>relationship</b>: Natural Father <span style="background: LightGoldenRodYellow; margin: 4px; border: 1px solid khaki"> (<a href="http://terminology.hl7.org/5.0.0/CodeSystem-v3-RoleCode.html">RoleCode</a>#NFTH &quot;natural father&quot;)</span></p><p><b>name</b>: Tom Yan Lee (OFFICIAL)</p><p><b>gender</b>: male</p><p><b>birthDate</b>: 1984-02-27</p></div>
  </text>
  <extension url="http://hl7.org/fhir/us/vr-common-library/StructureDefinition/Extension-relatedperson-birthplace-vr">
    <valueAddress>
      <state value="NY"/>
    </valueAddress>
  </extension>
  <active value="true"/>
  <patient>
    <reference value="Patient/patient-decedent-fetus-not-named"/>
    <display value="Patient - Decedent Fetus (Fetus Not Named)"/>
  </patient>
  <relationship>
    <coding>
      <system value="http://terminology.hl7.org/CodeSystem/v3-RoleCode"/>
      <code value="NFTH"/>
      <display value="natural father"/>
    </coding>
    <text value="Natural Father"/>
  </relationship>
  <name>
    <use value="official"/>
    <family value="Lee"/>
    <given value="Tom"/>
    <given value="Yan"/>
  </name>
  <gender value="male"/>
  <birthDate value="1984-02-27"/>
</RelatedPerson>