<?xml version="1.0" encoding="UTF-8"?>

<ValueSet xmlns="http://hl7.org/fhir">
  <id value="ValueSet-informant-relationship-to-mother"/>
  <text>
    <status value="extensions"/><div xmlns="http://www.w3.org/1999/xhtml"><ul><li>Include these codes as defined in <a href="CodeSystem-CodeSystem-local-bfdr-codes.html"><code>http://hl7.org/fhir/us/bfdr/CodeSystem/CodeSystem-local-bfdr-codes</code></a><table class="none"><tr><td style="white-space:nowrap"><b>Code</b></td><td><b>Display</b></td><td><b>Definition</b></td></tr><tr><td><a href="CodeSystem-CodeSystem-local-bfdr-codes.html#CodeSystem-local-bfdr-codes-rel_fatherofbaby">rel_fatherofbaby</a></td><td>Father of baby</td><td>Father of baby</td></tr><tr><td><a href="CodeSystem-CodeSystem-local-bfdr-codes.html#CodeSystem-local-bfdr-codes-rel_hospitalemployee">rel_hospitalemployee</a></td><td>Hospital employee</td><td>Hospital employee</td></tr><tr><td><a href="CodeSystem-CodeSystem-local-bfdr-codes.html#CodeSystem-local-bfdr-codes-rel_other">rel_other</a></td><td>Other (with write in text)</td><td>Other (with write in text)</td></tr><tr><td><a href="CodeSystem-CodeSystem-local-bfdr-codes.html#CodeSystem-local-bfdr-codes-rel_otherrelative">rel_otherrelative</a></td><td>Other relative</td><td>Other relative</td></tr></table></li></ul></div>
  </text>
  <extension url="http://hl7.org/fhir/StructureDefinition/structuredefinition-wg">
    <valueCode value="pher"/>
  </extension>
  <url value="http://hl7.org/fhir/us/bfdr/ValueSet/ValueSet-informant-relationship-to-mother"/>
  <version value="2.0.0-Ballot"/>
  <name value="InformantRelationshipToMotherVS"/>
  <title value="Informant Relationship to Mother"/>
  <status value="draft"/>
  <experimental value="false"/>
  <date value="2024-02-27T09:44:15-05:00"/>
  <publisher value="HL7 International / Public Health"/>
  <contact>
    <name value="HL7 International / Public Health"/>
    <telecom>
      <system value="url"/>
      <value value="http://www.hl7.org/Special/committees/pher"/>
    </telecom>
  </contact>
  <description value="This valueset contains codes to represent informants relationship to mother. This valueset is based on [PHVS_InformantRelationshiptoMother_NCHS](https://phinvads.cdc.gov/vads/ViewValueSet.action?id=ADF95682-912A-E711-BE3F-0017A477041A)."/>
  <jurisdiction>
    <coding>
      <system value="urn:iso:std:iso:3166"/>
      <code value="US"/>
      <display value="United States of America"/>
    </coding>
  </jurisdiction>
  <copyright value="include appropriate copyright ruleset"/>
  <compose>
    <include>
      <system value="http://hl7.org/fhir/us/bfdr/CodeSystem/CodeSystem-local-bfdr-codes"/>
      <concept>
        <code value="rel_fatherofbaby"/>
        <display value="Father of baby"/>
      </concept>
      <concept>
        <code value="rel_hospitalemployee"/>
        <display value="Hospital employee"/>
      </concept>
      <concept>
        <code value="rel_other"/>
        <display value="Other (with write in text)"/>
      </concept>
      <concept>
        <code value="rel_otherrelative"/>
        <display value="Other relative"/>
      </concept>
    </include>
  </compose>
</ValueSet>