{
  "resourceType" : "ConceptMap",
  "id" : "InfectionsDuringPregnancyLiveBirthCM",
  "text" : {
    "status" : "extensions",
    "div" : "<div xmlns=\"http://www.w3.org/1999/xhtml\"><p>Mapping from (not specified) to <a href=\"ValueSet-ValueSet-infections-during-pregnancy-live-birth.html\">ValueSet - Infections During Pregnancy Live Birth</a></p><p>DRAFT. Published on 2024-02-13 11:56:10-0500 by HL7 International / Public Health (HL7 International / Public Health: <a href=\"http://www.hl7.org/Special/committees/pher\">http://www.hl7.org/Special/com...</a>). </p><div><p>A mapping between NCHS IJE and FHIR InfectionsDuringPregnancyLiveBirth Value Sets</p>\n</div><br/><p><b>Group 1</b>Mapping from <a href=\"https://build.fhir.org/ig/HL7/vr-common-library//CodeSystem-codesystem-ije-vr.html\">Placeholder Code System for IJE in Vital Records</a> to <a href=\"http://hl7.org/fhir/R4/codesystem-snomedct.html\">SNOMED CT (all versions)</a></p><table class=\"grid\"><tr><td><b>Source Code</b></td><td><b>Relationship</b></td><td><b>Target Code</b></td></tr><tr><td>GON (Infections Present--Gonorrhea)</td><td><a href=\"http://hl7.org/fhir/R4/codesystem-concept-map-equivalence.html#null\"/></td><td>15628003 (Gonorrhea)</td></tr><tr><td>SYPH (Infections Present--Syphilis)</td><td><a href=\"http://hl7.org/fhir/R4/codesystem-concept-map-equivalence.html#null\"/></td><td>76272004 (Syphilis)</td></tr><tr><td>CHAM (Infections Present--Chlamydia)</td><td><a href=\"http://hl7.org/fhir/R4/codesystem-concept-map-equivalence.html#null\"/></td><td>105629000 (Chlamydia)</td></tr><tr><td>HEPB (Infections Present--Hepatitis B)</td><td><a href=\"http://hl7.org/fhir/R4/codesystem-concept-map-equivalence.html#null\"/></td><td>66071002 (Hepatitis B)</td></tr><tr><td>HEPC (Infections Present--Hepatitis C)</td><td><a href=\"http://hl7.org/fhir/R4/codesystem-concept-map-equivalence.html#null\"/></td><td>50711007 (Hepatitis C)</td></tr></table></div>"
  },
  "extension" : [{
    "url" : "http://hl7.org/fhir/StructureDefinition/structuredefinition-wg",
    "valueCode" : "pher"
  }],
  "url" : "http://hl7.org/fhir/us/bfdr/ConceptMap/InfectionsDuringPregnancyLiveBirthCM",
  "version" : "2.0.0-Ballot",
  "name" : "InfectionsDuringPregnancyLiveBirth",
  "title" : "InfectionsDuringPregnancyLiveBirth Concept Map",
  "status" : "draft",
  "experimental" : false,
  "date" : "2024-02-13T11:56:10-05:00",
  "publisher" : "HL7 International / Public Health",
  "contact" : [{
    "name" : "HL7 International / Public Health",
    "telecom" : [{
      "system" : "url",
      "value" : "http://www.hl7.org/Special/committees/pher"
    }]
  }],
  "description" : "A mapping between NCHS IJE and FHIR InfectionsDuringPregnancyLiveBirth Value Sets",
  "useContext" : [{
    "code" : {
      "system" : "http://terminology.hl7.org/CodeSystem/usage-context-type",
      "code" : "focus"
    },
    "valueCodeableConcept" : {
      "text" : "for IJE to FHIR alignment"
    }
  }],
  "jurisdiction" : [{
    "coding" : [{
      "system" : "urn:iso:std:iso:3166",
      "code" : "US",
      "display" : "United States of America"
    }]
  }],
  "purpose" : "To help implementers map from IJE to FHIR Vocabulary",
  "targetCanonical" : "http://hl7.org/fhir/us/bfdr/ValueSet/ValueSet-infections-during-pregnancy-live-birth",
  "group" : [{
    "source" : "http://hl7.org/fhir/us/vr-common-library/CodeSystem/codesystem-ije-vr",
    "target" : "http://snomed.info/sct",
    "element" : [{
      "code" : "GON",
      "display" : "Infections Present--Gonorrhea",
      "target" : [{
        "modifierExtension" : [{
          "url" : "http://hl7.org/fhir/1.0/StructureDefinition/extension-ConceptMap.element.target.equivalence",
          "valueCode" : "equivalent"
        }],
        "code" : "15628003",
        "display" : "Gonorrhea",
        "equivalence" : "equivalent"
      }]
    },
    {
      "code" : "SYPH",
      "display" : "Infections Present--Syphilis",
      "target" : [{
        "modifierExtension" : [{
          "url" : "http://hl7.org/fhir/1.0/StructureDefinition/extension-ConceptMap.element.target.equivalence",
          "valueCode" : "equivalent"
        }],
        "code" : "76272004",
        "display" : "Syphilis",
        "equivalence" : "equivalent"
      }]
    },
    {
      "code" : "CHAM",
      "display" : "Infections Present--Chlamydia",
      "target" : [{
        "modifierExtension" : [{
          "url" : "http://hl7.org/fhir/1.0/StructureDefinition/extension-ConceptMap.element.target.equivalence",
          "valueCode" : "equivalent"
        }],
        "code" : "105629000",
        "display" : "Chlamydia",
        "equivalence" : "equivalent"
      }]
    },
    {
      "code" : "HEPB",
      "display" : "Infections Present--Hepatitis B",
      "target" : [{
        "modifierExtension" : [{
          "url" : "http://hl7.org/fhir/1.0/StructureDefinition/extension-ConceptMap.element.target.equivalence",
          "valueCode" : "equivalent"
        }],
        "code" : "66071002",
        "display" : "Hepatitis B",
        "equivalence" : "equivalent"
      }]
    },
    {
      "code" : "HEPC",
      "display" : "Infections Present--Hepatitis C",
      "target" : [{
        "modifierExtension" : [{
          "url" : "http://hl7.org/fhir/1.0/StructureDefinition/extension-ConceptMap.element.target.equivalence",
          "valueCode" : "equivalent"
        }],
        "code" : "50711007",
        "display" : "Hepatitis C",
        "equivalence" : "equivalent"
      }]
    }]
  }]
}