{
  "resourceType" : "Condition",
  "id" : "condition-gestational-diabetes-carmen-teresa-lee",
  "meta" : {
    "profile" : ["http://hl7.org/fhir/us/bfdr/StructureDefinition/Condition-gestational-diabetes"]
  },
  "text" : {
    "status" : "generated",
    "div" : "<div xmlns=\"http://www.w3.org/1999/xhtml\"><p><b>Generated Narrative: Condition</b><a name=\"condition-gestational-diabetes-carmen-teresa-lee\"> </a></p><div style=\"display: inline-block; background-color: #d9e0e7; padding: 6px; margin: 4px; border: 1px solid #8da1b4; border-radius: 5px; line-height: 60%\"><p style=\"margin-bottom: 0px\">Resource Condition &quot;condition-gestational-diabetes-carmen-teresa-lee&quot; </p><p style=\"margin-bottom: 0px\">Profile: <a href=\"StructureDefinition-Condition-gestational-diabetes.html\">Condition - Gestational Diabetes</a></p></div><p><b>clinicalStatus</b>: Active <span style=\"background: LightGoldenRodYellow; margin: 4px; border: 1px solid khaki\"> (<a href=\"http://terminology.hl7.org/5.0.0/CodeSystem-condition-clinical.html\">Condition Clinical Status Codes</a>#active)</span></p><p><b>category</b>: Problem List Item <span style=\"background: LightGoldenRodYellow; margin: 4px; border: 1px solid khaki\"> (<a href=\"http://terminology.hl7.org/5.0.0/CodeSystem-condition-category.html\">Condition Category Codes</a>#problem-list-item)</span>, Mothers Risk factors in this pregnancy [US Standard Certificate of Live Birth] <span style=\"background: LightGoldenRodYellow; margin: 4px; border: 1px solid khaki\"> (<a href=\"https://loinc.org/\">LOINC</a>#73775-9)</span></p><p><b>code</b>: Gestational diabetes mellitus (disorder) <span style=\"background: LightGoldenRodYellow; margin: 4px; border: 1px solid khaki\"> (<a href=\"https://browser.ihtsdotools.org/\">SNOMED CT</a>#11687002)</span></p><p><b>subject</b>: <a href=\"Patient-patient-mother-carmen-teresa-lee.html\">Patient/patient-mother-carmen-teresa-lee: Patient - Mother (Carmen Teresa Lee)</a> &quot; LEE&quot;</p><p><b>onset</b>: 2018-12-12</p></div>"
  },
  "clinicalStatus" : {
    "coding" : [{
      "system" : "http://terminology.hl7.org/CodeSystem/condition-clinical",
      "code" : "active",
      "display" : "Active"
    }],
    "text" : "Active"
  },
  "category" : [{
    "coding" : [{
      "system" : "http://terminology.hl7.org/CodeSystem/condition-category",
      "code" : "problem-list-item"
    }]
  },
  {
    "coding" : [{
      "system" : "http://loinc.org",
      "code" : "73775-9"
    }]
  }],
  "code" : {
    "coding" : [{
      "system" : "http://snomed.info/sct",
      "code" : "11687002",
      "display" : "Gestational diabetes mellitus (disorder)"
    }],
    "text" : "Gestational diabetes mellitus (disorder)"
  },
  "subject" : {
    "reference" : "Patient/patient-mother-carmen-teresa-lee",
    "display" : "Patient - Mother (Carmen Teresa Lee)"
  },
  "onsetDateTime" : "2018-12-12"
}