{
  "resourceType" : "Condition",
  "id" : "condition-fetal-death-cause-or-condition-not-named",
  "meta" : {
    "profile" : ["http://hl7.org/fhir/us/bfdr/StructureDefinition/Condition-fetal-death-cause-or-condition"]
  },
  "text" : {
    "status" : "generated",
    "div" : "<div xmlns=\"http://www.w3.org/1999/xhtml\"><p><b>Generated Narrative: Condition</b><a name=\"condition-fetal-death-cause-or-condition-not-named\"> </a></p><div style=\"display: inline-block; background-color: #d9e0e7; padding: 6px; margin: 4px; border: 1px solid #8da1b4; border-radius: 5px; line-height: 60%\"><p style=\"margin-bottom: 0px\">Resource Condition &quot;condition-fetal-death-cause-or-condition-not-named&quot; </p><p style=\"margin-bottom: 0px\">Profile: <a href=\"StructureDefinition-Condition-fetal-death-cause-or-condition.html\">Condition - Fetal Death Cause or Condition</a></p></div><p><b>category</b>: Encounter Diagnosis <span style=\"background: LightGoldenRodYellow; margin: 4px; border: 1px solid khaki\"> (<a href=\"http://terminology.hl7.org/5.0.0/CodeSystem-condition-category.html\">Condition Category Codes</a>#encounter-diagnosis)</span>, Initiating cause or condition of fetal death [US Standard Report of Fetal Death] <span style=\"background: LightGoldenRodYellow; margin: 4px; border: 1px solid khaki\"> (<a href=\"https://loinc.org/\">LOINC</a>#76060-3)</span></p><p><b>code</b>: Premature rupture of membranes (disorder) <span style=\"background: LightGoldenRodYellow; margin: 4px; border: 1px solid khaki\"> (<a href=\"https://browser.ihtsdotools.org/\">SNOMED CT</a>#44223004)</span></p><p><b>subject</b>: <a href=\"Patient-patient-decedent-fetus-not-named.html\">Patient/patient-decedent-fetus-not-named: Patient - Decedent Fetus (Fetus Not Named)</a> &quot;&quot;</p></div>"
  },
  "category" : [{
    "coding" : [{
      "system" : "http://terminology.hl7.org/CodeSystem/condition-category",
      "code" : "encounter-diagnosis",
      "display" : "Encounter Diagnosis"
    }]
  },
  {
    "coding" : [{
      "system" : "http://loinc.org",
      "code" : "76060-3",
      "display" : "Initiating cause or condition of fetal death [US Standard Report of Fetal Death]"
    }]
  }],
  "code" : {
    "coding" : [{
      "system" : "http://snomed.info/sct",
      "code" : "44223004",
      "display" : "Premature rupture of membranes (disorder)"
    }],
    "text" : "Premature rupture of membranes (disorder)"
  },
  "subject" : {
    "reference" : "Patient/patient-decedent-fetus-not-named",
    "display" : "Patient - Decedent Fetus (Fetus Not Named)"
  }
}