{
  "resourceType" : "Observation",
  "id" : "observation-input-race-and-ethnicity-mother",
  "meta" : {
    "profile" : ["http://hl7.org/fhir/us/vr-common-library/StructureDefinition/input-race-and-ethnicity-vr"]
  },
  "text" : {
    "status" : "generated",
    "div" : "<div xmlns=\"http://www.w3.org/1999/xhtml\"><p><b>Generated Narrative: Observation</b><a name=\"observation-input-race-and-ethnicity-mother\"> </a></p><div style=\"display: inline-block; background-color: #d9e0e7; padding: 6px; margin: 4px; border: 1px solid #8da1b4; border-radius: 5px; line-height: 60%\"><p style=\"margin-bottom: 0px\">Resource Observation &quot;observation-input-race-and-ethnicity-mother&quot; </p><p style=\"margin-bottom: 0px\">Profile: <a href=\"https://build.fhir.org/ig/HL7/vr-common-library//StructureDefinition-input-race-and-ethnicity-vr.html\">Observation - Input Race and Ethnicity Vital Records</a></p></div><p><b>status</b>: final</p><p><b>code</b>: Mother Input Race and Ethnicity <span style=\"background: LightGoldenRodYellow; margin: 4px; border: 1px solid khaki\"> (<a href=\"https://build.fhir.org/ig/HL7/vr-common-library//CodeSystem-CodeSystem-local-observation-codes-vr.html\">Local Observation Codes Vital Records</a>#inputraceandethnicityMother)</span></p><p><b>subject</b>: <span>: EBRS-generated - mother</span></p><blockquote><p><b>component</b></p><p><b>code</b>: White <span style=\"background: LightGoldenRodYellow; margin: 4px; border: 1px solid khaki\"> (<a href=\"https://build.fhir.org/ig/HL7/vr-common-library//CodeSystem-codesystem-vr-component.html\">Local Component Codes</a>#White)</span></p><p><b>value</b>: true</p></blockquote><blockquote><p><b>component</b></p><p><b>code</b>: Black Or African American <span style=\"background: LightGoldenRodYellow; margin: 4px; border: 1px solid khaki\"> (<a href=\"https://build.fhir.org/ig/HL7/vr-common-library//CodeSystem-codesystem-vr-component.html\">Local Component Codes</a>#BlackOrAfricanAmerican)</span></p><p><b>value</b>: false</p></blockquote><blockquote><p><b>component</b></p><p><b>code</b>: American Indian Or Alaska Native <span style=\"background: LightGoldenRodYellow; margin: 4px; border: 1px solid khaki\"> (<a href=\"https://build.fhir.org/ig/HL7/vr-common-library//CodeSystem-codesystem-vr-component.html\">Local Component Codes</a>#AmericanIndianOrAlaskanNative)</span></p><p><b>value</b>: true</p></blockquote><blockquote><p><b>component</b></p><p><b>code</b>: Asian Indian <span style=\"background: LightGoldenRodYellow; margin: 4px; border: 1px solid khaki\"> (<a href=\"https://build.fhir.org/ig/HL7/vr-common-library//CodeSystem-codesystem-vr-component.html\">Local Component Codes</a>#AsianIndian)</span></p><p><b>value</b>: false</p></blockquote><blockquote><p><b>component</b></p><p><b>code</b>: Chinese <span style=\"background: LightGoldenRodYellow; margin: 4px; border: 1px solid khaki\"> (<a href=\"https://build.fhir.org/ig/HL7/vr-common-library//CodeSystem-codesystem-vr-component.html\">Local Component Codes</a>#Chinese)</span></p><p><b>value</b>: false</p></blockquote><blockquote><p><b>component</b></p><p><b>code</b>: Filipino <span style=\"background: LightGoldenRodYellow; margin: 4px; border: 1px solid khaki\"> (<a href=\"https://build.fhir.org/ig/HL7/vr-common-library//CodeSystem-codesystem-vr-component.html\">Local Component Codes</a>#Filipino)</span></p><p><b>value</b>: false</p></blockquote><blockquote><p><b>component</b></p><p><b>code</b>: Japanese <span style=\"background: LightGoldenRodYellow; margin: 4px; border: 1px solid khaki\"> (<a href=\"https://build.fhir.org/ig/HL7/vr-common-library//CodeSystem-codesystem-vr-component.html\">Local Component Codes</a>#Japanese)</span></p><p><b>value</b>: false</p></blockquote><blockquote><p><b>component</b></p><p><b>code</b>: Korean <span style=\"background: LightGoldenRodYellow; margin: 4px; border: 1px solid khaki\"> (<a href=\"https://build.fhir.org/ig/HL7/vr-common-library//CodeSystem-codesystem-vr-component.html\">Local Component Codes</a>#Korean)</span></p><p><b>value</b>: false</p></blockquote><blockquote><p><b>component</b></p><p><b>code</b>: Vietnamese <span style=\"background: LightGoldenRodYellow; margin: 4px; border: 1px solid khaki\"> (<a href=\"https://build.fhir.org/ig/HL7/vr-common-library//CodeSystem-codesystem-vr-component.html\">Local Component Codes</a>#Vietnamese)</span></p><p><b>value</b>: false</p></blockquote><blockquote><p><b>component</b></p><p><b>code</b>: Other Asian <span style=\"background: LightGoldenRodYellow; margin: 4px; border: 1px solid khaki\"> (<a href=\"https://build.fhir.org/ig/HL7/vr-common-library//CodeSystem-codesystem-vr-component.html\">Local Component Codes</a>#OtherAsian)</span></p><p><b>value</b>: true</p></blockquote><blockquote><p><b>component</b></p><p><b>code</b>: Native Hawaiian <span style=\"background: LightGoldenRodYellow; margin: 4px; border: 1px solid khaki\"> (<a href=\"https://build.fhir.org/ig/HL7/vr-common-library//CodeSystem-codesystem-vr-component.html\">Local Component Codes</a>#NativeHawaiian)</span></p><p><b>value</b>: false</p></blockquote><blockquote><p><b>component</b></p><p><b>code</b>: Guamanian Or Chamorro <span style=\"background: LightGoldenRodYellow; margin: 4px; border: 1px solid khaki\"> (<a href=\"https://build.fhir.org/ig/HL7/vr-common-library//CodeSystem-codesystem-vr-component.html\">Local Component Codes</a>#GuamanianOrChamorro)</span></p><p><b>value</b>: false</p></blockquote><blockquote><p><b>component</b></p><p><b>code</b>: Samoan <span style=\"background: LightGoldenRodYellow; margin: 4px; border: 1px solid khaki\"> (<a href=\"https://build.fhir.org/ig/HL7/vr-common-library//CodeSystem-codesystem-vr-component.html\">Local Component Codes</a>#Samoan)</span></p><p><b>value</b>: false</p></blockquote><blockquote><p><b>component</b></p><p><b>code</b>: Other Pacific Islander <span style=\"background: LightGoldenRodYellow; margin: 4px; border: 1px solid khaki\"> (<a href=\"https://build.fhir.org/ig/HL7/vr-common-library//CodeSystem-codesystem-vr-component.html\">Local Component Codes</a>#OtherPacificIslander)</span></p><p><b>value</b>: false</p></blockquote><blockquote><p><b>component</b></p><p><b>code</b>: Other Race <span style=\"background: LightGoldenRodYellow; margin: 4px; border: 1px solid khaki\"> (<a href=\"https://build.fhir.org/ig/HL7/vr-common-library//CodeSystem-codesystem-vr-component.html\">Local Component Codes</a>#OtherRace)</span></p><p><b>value</b>: false</p></blockquote><blockquote><p><b>component</b></p><p><b>code</b>: First Other Asian Literal <span style=\"background: LightGoldenRodYellow; margin: 4px; border: 1px solid khaki\"> (<a href=\"https://build.fhir.org/ig/HL7/vr-common-library//CodeSystem-codesystem-vr-component.html\">Local Component Codes</a>#FirstOtherAsianLiteral)</span></p><p><b>value</b>: Malaysian</p></blockquote><blockquote><p><b>component</b></p><p><b>code</b>: First American Indian Or Alaska Native Literal <span style=\"background: LightGoldenRodYellow; margin: 4px; border: 1px solid khaki\"> (<a href=\"https://build.fhir.org/ig/HL7/vr-common-library//CodeSystem-codesystem-vr-component.html\">Local Component Codes</a>#FirstAmericanIndianOrAlaskanNativeLiteral)</span></p><p><b>value</b>: Arikara</p></blockquote><blockquote><p><b>component</b></p><p><b>code</b>: Hispanic Mexican <span style=\"background: LightGoldenRodYellow; margin: 4px; border: 1px solid khaki\"> (<a href=\"https://build.fhir.org/ig/HL7/vr-common-library//CodeSystem-codesystem-vr-component.html\">Local Component Codes</a>#HispanicMexican)</span></p><p><b>value</b>: Yes <span style=\"background: LightGoldenRodYellow; margin: 4px; border: 1px solid khaki\"> (<a href=\"http://hl7.org/fhir/R4/v2/0136/index.html\">v2 Y/N Indicator</a>#Y)</span></p></blockquote><blockquote><p><b>component</b></p><p><b>code</b>: Hispanic Cuban <span style=\"background: LightGoldenRodYellow; margin: 4px; border: 1px solid khaki\"> (<a href=\"https://build.fhir.org/ig/HL7/vr-common-library//CodeSystem-codesystem-vr-component.html\">Local Component Codes</a>#HispanicCuban)</span></p><p><b>value</b>: Yes <span style=\"background: LightGoldenRodYellow; margin: 4px; border: 1px solid khaki\"> (<a href=\"http://hl7.org/fhir/R4/v2/0136/index.html\">v2 Y/N Indicator</a>#Y)</span></p></blockquote><blockquote><p><b>component</b></p><p><b>code</b>: Hispanic Puerto Rican <span style=\"background: LightGoldenRodYellow; margin: 4px; border: 1px solid khaki\"> (<a href=\"https://build.fhir.org/ig/HL7/vr-common-library//CodeSystem-codesystem-vr-component.html\">Local Component Codes</a>#HispanicPuertoRican)</span></p><p><b>value</b>: Yes <span style=\"background: LightGoldenRodYellow; margin: 4px; border: 1px solid khaki\"> (<a href=\"http://hl7.org/fhir/R4/v2/0136/index.html\">v2 Y/N Indicator</a>#Y)</span></p></blockquote><blockquote><p><b>component</b></p><p><b>code</b>: Hispanic Other <span style=\"background: LightGoldenRodYellow; margin: 4px; border: 1px solid khaki\"> (<a href=\"https://build.fhir.org/ig/HL7/vr-common-library//CodeSystem-codesystem-vr-component.html\">Local Component Codes</a>#HispanicOther)</span></p><p><b>value</b>: No <span style=\"background: LightGoldenRodYellow; margin: 4px; border: 1px solid khaki\"> (<a href=\"http://hl7.org/fhir/R4/v2/0136/index.html\">v2 Y/N Indicator</a>#N)</span></p></blockquote></div>"
  },
  "status" : "final",
  "code" : {
    "coding" : [{
      "system" : "http://hl7.org/fhir/us/vr-common-library/CodeSystem/CodeSystem-local-observation-codes-vr",
      "code" : "inputraceandethnicityMother"
    }]
  },
  "subject" : {
    "display" : "EBRS-generated - mother"
  },
  "component" : [{
    "code" : {
      "coding" : [{
        "system" : "http://hl7.org/fhir/us/vr-common-library/CodeSystem/codesystem-vr-component",
        "code" : "White"
      }]
    },
    "valueBoolean" : true
  },
  {
    "code" : {
      "coding" : [{
        "system" : "http://hl7.org/fhir/us/vr-common-library/CodeSystem/codesystem-vr-component",
        "code" : "BlackOrAfricanAmerican"
      }]
    },
    "valueBoolean" : false
  },
  {
    "code" : {
      "coding" : [{
        "system" : "http://hl7.org/fhir/us/vr-common-library/CodeSystem/codesystem-vr-component",
        "code" : "AmericanIndianOrAlaskanNative"
      }]
    },
    "valueBoolean" : true
  },
  {
    "code" : {
      "coding" : [{
        "system" : "http://hl7.org/fhir/us/vr-common-library/CodeSystem/codesystem-vr-component",
        "code" : "AsianIndian"
      }]
    },
    "valueBoolean" : false
  },
  {
    "code" : {
      "coding" : [{
        "system" : "http://hl7.org/fhir/us/vr-common-library/CodeSystem/codesystem-vr-component",
        "code" : "Chinese"
      }]
    },
    "valueBoolean" : false
  },
  {
    "code" : {
      "coding" : [{
        "system" : "http://hl7.org/fhir/us/vr-common-library/CodeSystem/codesystem-vr-component",
        "code" : "Filipino"
      }]
    },
    "valueBoolean" : false
  },
  {
    "code" : {
      "coding" : [{
        "system" : "http://hl7.org/fhir/us/vr-common-library/CodeSystem/codesystem-vr-component",
        "code" : "Japanese"
      }]
    },
    "valueBoolean" : false
  },
  {
    "code" : {
      "coding" : [{
        "system" : "http://hl7.org/fhir/us/vr-common-library/CodeSystem/codesystem-vr-component",
        "code" : "Korean"
      }]
    },
    "valueBoolean" : false
  },
  {
    "code" : {
      "coding" : [{
        "system" : "http://hl7.org/fhir/us/vr-common-library/CodeSystem/codesystem-vr-component",
        "code" : "Vietnamese"
      }]
    },
    "valueBoolean" : false
  },
  {
    "code" : {
      "coding" : [{
        "system" : "http://hl7.org/fhir/us/vr-common-library/CodeSystem/codesystem-vr-component",
        "code" : "OtherAsian"
      }]
    },
    "valueBoolean" : true
  },
  {
    "code" : {
      "coding" : [{
        "system" : "http://hl7.org/fhir/us/vr-common-library/CodeSystem/codesystem-vr-component",
        "code" : "NativeHawaiian"
      }]
    },
    "valueBoolean" : false
  },
  {
    "code" : {
      "coding" : [{
        "system" : "http://hl7.org/fhir/us/vr-common-library/CodeSystem/codesystem-vr-component",
        "code" : "GuamanianOrChamorro"
      }]
    },
    "valueBoolean" : false
  },
  {
    "code" : {
      "coding" : [{
        "system" : "http://hl7.org/fhir/us/vr-common-library/CodeSystem/codesystem-vr-component",
        "code" : "Samoan"
      }]
    },
    "valueBoolean" : false
  },
  {
    "code" : {
      "coding" : [{
        "system" : "http://hl7.org/fhir/us/vr-common-library/CodeSystem/codesystem-vr-component",
        "code" : "OtherPacificIslander"
      }]
    },
    "valueBoolean" : false
  },
  {
    "code" : {
      "coding" : [{
        "system" : "http://hl7.org/fhir/us/vr-common-library/CodeSystem/codesystem-vr-component",
        "code" : "OtherRace"
      }]
    },
    "valueBoolean" : false
  },
  {
    "code" : {
      "coding" : [{
        "system" : "http://hl7.org/fhir/us/vr-common-library/CodeSystem/codesystem-vr-component",
        "code" : "FirstOtherAsianLiteral"
      }]
    },
    "valueString" : "Malaysian"
  },
  {
    "code" : {
      "coding" : [{
        "system" : "http://hl7.org/fhir/us/vr-common-library/CodeSystem/codesystem-vr-component",
        "code" : "FirstAmericanIndianOrAlaskanNativeLiteral"
      }]
    },
    "valueString" : "Arikara"
  },
  {
    "code" : {
      "coding" : [{
        "system" : "http://hl7.org/fhir/us/vr-common-library/CodeSystem/codesystem-vr-component",
        "code" : "HispanicMexican"
      }]
    },
    "valueCodeableConcept" : {
      "coding" : [{
        "system" : "http://terminology.hl7.org/CodeSystem/v2-0136",
        "code" : "Y",
        "display" : "Yes"
      }]
    }
  },
  {
    "code" : {
      "coding" : [{
        "system" : "http://hl7.org/fhir/us/vr-common-library/CodeSystem/codesystem-vr-component",
        "code" : "HispanicCuban"
      }]
    },
    "valueCodeableConcept" : {
      "coding" : [{
        "system" : "http://terminology.hl7.org/CodeSystem/v2-0136",
        "code" : "Y",
        "display" : "Yes"
      }]
    }
  },
  {
    "code" : {
      "coding" : [{
        "system" : "http://hl7.org/fhir/us/vr-common-library/CodeSystem/codesystem-vr-component",
        "code" : "HispanicPuertoRican"
      }]
    },
    "valueCodeableConcept" : {
      "coding" : [{
        "system" : "http://terminology.hl7.org/CodeSystem/v2-0136",
        "code" : "Y",
        "display" : "Yes"
      }]
    }
  },
  {
    "code" : {
      "coding" : [{
        "system" : "http://hl7.org/fhir/us/vr-common-library/CodeSystem/codesystem-vr-component",
        "code" : "HispanicOther"
      }]
    },
    "valueCodeableConcept" : {
      "coding" : [{
        "system" : "http://terminology.hl7.org/CodeSystem/v2-0136",
        "code" : "N",
        "display" : "No"
      }]
    }
  }]
}