{
  "resourceType" : "Organization",
  "id" : "organization-jurisdictional-vital-records-office",
  "text" : {
    "status" : "generated",
    "div" : "<div xmlns=\"http://www.w3.org/1999/xhtml\"><p><b>Generated Narrative: Organization</b><a name=\"organization-jurisdictional-vital-records-office\"> </a></p><div style=\"display: inline-block; background-color: #d9e0e7; padding: 6px; margin: 4px; border: 1px solid #8da1b4; border-radius: 5px; line-height: 60%\"><p style=\"margin-bottom: 0px\">Resource Organization &quot;organization-jurisdictional-vital-records-office&quot; </p></div><p><b>active</b>: true</p><p><b>name</b>: Jurisdictional Vital Records Office</p></div>"
  },
  "active" : true,
  "name" : "Jurisdictional Vital Records Office"
}