{
  "resourceType" : "RelatedPerson",
  "id" : "relatedperson-mother-jada-ann-quinn",
  "meta" : {
    "profile" : ["http://hl7.org/fhir/us/vr-common-library/StructureDefinition/RelatedPerson-mother-vr"]
  },
  "text" : {
    "status" : "extensions",
    "div" : "<div xmlns=\"http://www.w3.org/1999/xhtml\"><p><b>Generated Narrative: RelatedPerson</b><a name=\"relatedperson-mother-jada-ann-quinn\"> </a></p><div style=\"display: inline-block; background-color: #d9e0e7; padding: 6px; margin: 4px; border: 1px solid #8da1b4; border-radius: 5px; line-height: 60%\"><p style=\"margin-bottom: 0px\">Resource RelatedPerson &quot;relatedperson-mother-jada-ann-quinn&quot; </p><p style=\"margin-bottom: 0px\">Profile: <a href=\"https://build.fhir.org/ig/HL7/vr-common-library//StructureDefinition-RelatedPerson-mother-vr.html\">RelatedPerson - Mother Vital Records</a></p></div><blockquote><p><b>US Core Race Extension</b></p><blockquote><p><b>url</b></p><code>ombCategory</code></blockquote><p><b>value</b>: American Indian or Alaska Native (Details: urn:oid:2.16.840.1.113883.6.238 code 1002-5 = 'American Indian or Alaska Native', stated as 'American Indian or Alaska Native')</p><blockquote><p><b>url</b></p><code>text</code></blockquote><p><b>value</b>: White, American Indian or Alaska Native</p></blockquote><blockquote><p><b>US Core Ethnicity Extension</b></p><blockquote><p><b>url</b></p><code>ombCategory</code></blockquote><p><b>value</b>: Not Hispanic or Latino (Details: urn:oid:2.16.840.1.113883.6.238 code 2186-5 = 'Not Hispanic or Latino', stated as 'Not Hispanic or Latino')</p><blockquote><p><b>url</b></p><code>text</code></blockquote><p><b>value</b>: Not Hispanic or Latino</p></blockquote><p><b>identifier</b>: Social Security number:\u00a0<a href=\"http://terminology.hl7.org/5.0.0/NamingSystem-ssn.html\">#</a>132225986\u00a0(use:\u00a0USUAL)</p><p><b>active</b>: true</p><p><b>patient</b>: <a href=\"Patient-patient-child-babyg-quinn.html\">Patient/patient-child-babyg-quinn</a> &quot; QUINN&quot;</p><p><b>relationship</b>: Gestational Mother <span style=\"background: LightGoldenRodYellow; margin: 4px; border: 1px solid khaki\"> (<a href=\"http://terminology.hl7.org/5.0.0/CodeSystem-v3-RoleCode.html\">RoleCode</a>#GESTM &quot;gestational mother&quot;)</span></p><p><b>name</b>: Jada Ann Quinn (OFFICIAL)</p><p><b>telecom</b>: ph: 1-(404)555-1212(HOME), <a href=\"mailto:jadaann.quinn@example.com\">jadaann.quinn@example.com</a></p><p><b>gender</b>: female</p><p><b>birthDate</b>: 1985-01-15</p><p><b>address</b>: 1875 West Morton Avenue Salt Lake City UT 84116 US (HOME)</p></div>"
  },
  "extension" : [{
    "extension" : [{
      "url" : "ombCategory",
      "valueCoding" : {
        "system" : "urn:oid:2.16.840.1.113883.6.238",
        "code" : "1002-5",
        "display" : "American Indian or Alaska Native"
      }
    },
    {
      "url" : "text",
      "valueString" : "White, American Indian or Alaska Native"
    }],
    "url" : "http://hl7.org/fhir/us/core/StructureDefinition/us-core-race"
  },
  {
    "extension" : [{
      "url" : "ombCategory",
      "valueCoding" : {
        "system" : "urn:oid:2.16.840.1.113883.6.238",
        "code" : "2186-5",
        "display" : "Not Hispanic or Latino"
      }
    },
    {
      "url" : "text",
      "valueString" : "Not Hispanic or Latino"
    }],
    "url" : "http://hl7.org/fhir/us/core/StructureDefinition/us-core-ethnicity"
  }],
  "identifier" : [{
    "use" : "usual",
    "type" : {
      "coding" : [{
        "system" : "http://terminology.hl7.org/CodeSystem/v2-0203",
        "code" : "SS",
        "display" : "Social Security number"
      }]
    },
    "system" : "http://hl7.org/fhir/sid/us-ssn",
    "value" : "132225986"
  }],
  "active" : true,
  "patient" : {
    "reference" : "Patient/patient-child-babyg-quinn"
  },
  "relationship" : [{
    "coding" : [{
      "system" : "http://terminology.hl7.org/CodeSystem/v3-RoleCode",
      "code" : "GESTM",
      "display" : "gestational mother"
    }],
    "text" : "Gestational Mother"
  }],
  "name" : [{
    "use" : "official",
    "family" : "Quinn",
    "given" : ["Jada",
    "Ann"]
  }],
  "telecom" : [{
    "system" : "phone",
    "value" : "1-(404)555-1212",
    "use" : "home"
  },
  {
    "system" : "email",
    "value" : "jadaann.quinn@example.com"
  }],
  "gender" : "female",
  "birthDate" : "1985-01-15",
  "address" : [{
    "use" : "home",
    "line" : ["1875 West Morton Avenue"],
    "city" : "Salt Lake City",
    "district" : "Salt Lake",
    "state" : "UT",
    "postalCode" : "84116",
    "country" : "US"
  }]
}