{
  "resourceType" : "ValueSet",
  "id" : "ValueSet-fetal-presentations-max",
  "text" : {
    "status" : "generated",
    "div" : "<div xmlns=\"http://www.w3.org/1999/xhtml\"><p>This value set includes codes based on the following rules:</p><ul><li>Import all the codes that are contained in <a href=\"ValueSet-ValueSet-fetal-presentations.html\">Fetal Presentations</a></li><li>Include codes from <a href=\"http://www.snomed.org/\"><code>http://snomed.info/sct</code></a> where concept  is-a  15028002 (Abnormal fetal presentation)</li></ul></div>"
  },
  "extension" : [{
    "url" : "http://hl7.org/fhir/StructureDefinition/structuredefinition-wg",
    "valueCode" : "pher"
  }],
  "url" : "http://hl7.org/fhir/us/bfdr/ValueSet/ValueSet-fetal-presentations-max",
  "version" : "2.0.0-Ballot",
  "name" : "FetalPresentationsMaxVS",
  "title" : "Fetal Presentations - Max",
  "status" : "draft",
  "experimental" : false,
  "date" : "2024-02-27T09:44:15-05:00",
  "publisher" : "HL7 International / Public Health",
  "contact" : [{
    "name" : "HL7 International / Public Health",
    "telecom" : [{
      "system" : "url",
      "value" : "http://www.hl7.org/Special/committees/pher"
    }]
  }],
  "description" : "This valueset contains codes to represent fetal presentations. It expands on the [FetalPresentationsVS] by including intensionally all codes for abnormal presentations, \nas suggested by [FHIR-44554](https://jira.hl7.org/browse/FHIR-44554).",
  "jurisdiction" : [{
    "coding" : [{
      "system" : "urn:iso:std:iso:3166",
      "code" : "US",
      "display" : "United States of America"
    }]
  }],
  "copyright" : "This value set includes content from SNOMED CT, which is copyright © 2002+ International Health Terminology Standards Development Organisation (IHTSDO), and distributed by agreement between IHTSDO and HL7. Implementer use of SNOMED CT is not covered by this agreement",
  "compose" : {
    "include" : [{
      "valueSet" : ["http://hl7.org/fhir/us/bfdr/ValueSet/ValueSet-fetal-presentations"]
    },
    {
      "system" : "http://snomed.info/sct",
      "filter" : [{
        "property" : "concept",
        "op" : "is-a",
        "value" : "15028002"
      }]
    }]
  }
}